eventId,cardName,groupName,styleName,eventType,eventSubType,sourceType,titleText,questionText,answerLeft,answerRight,leftFeedback,rightFeedback,left_bodyMind,left_academics,left_relationships,left_economy,right_bodyMind,right_academics,right_relationships,right_economy,left_hiddenDelta,right_hiddenDelta,weight,cardProbability,cooldown,maxDraws,unique,isDrawable,isHighPriority,poolId,conditionExpression,condition_round_min,condition_bodyMind_min,condition_bodyMind_max,condition_academics_min,condition_academics_max,condition_relationships_min,condition_relationships_max,condition_economy_min,condition_economy_max,tags,artPath,triggerNotes,designerNotes,leftSummary,rightSummary,leftOffsetNote,rightOffsetNote,originalRow,nextLeftCardId,nextRightCardId,requiresMetaUnlock,permanentFlagLeft,permanentFlagRight,chainStartLeft,chainStartRight,chainId,chainOrder,isEndingChain,trueEndingConfigId,requiredLifetimeDays,requiredGameOvers
E001,US_E001,Main,cs_None,normal,日常,原有,室友开黑,室友说今晚五排缺一，但你晚上本来打算背单词。,去打一会儿,坚持学习,,,0,-10,10,-5,-5,15,-10,5,,,1,1,4,100,false,true,false,main,,,,,,,,,,,宿舍|游戏,,最终48张日常卡池；权重1，冷却4轮；无条件门槛,最终48张重平衡数值；最终48张重平衡数值,学业-10；人际+10；经济-5,身心-5；学业+15；人际-10；经济+5,上升：人际；下降：学业、经济,上升：学业、经济；下降：身心、人际,2,,,,,,,,,,,,,
E005,US_E005,Main,cs_None,normal,日常,原有,朋友失恋,朋友发来消息，说自己在操场坐了很久。,去陪朋友,先完成作业,,,-5,-10,15,-5,0,10,-15,5,,,1,1,4,100,false,true,false,main,,,,,,,,,,,社交|真实自我,,最终48张日常卡池；权重1，冷却4轮；无条件门槛,最终48张重平衡数值；最终48张重平衡数值,身心-5；学业-10；人际+15；经济-5,学业+10；人际-15；经济+5,上升：人际；下降：身心、学业、经济,上升：学业、经济；下降：人际,6,,,,,,,,,,,,,
E006,US_E006,Main,cs_None,normal,日常,原有,兼职邀请,校外兼职临时缺人，报酬不错，但会占用整晚时间。,接下兼职,拒绝兼职,,,-10,-5,0,15,10,10,0,-10,,,1,1,4,100,false,true,false,main,,,,,,,,,,,经济,,最终48张日常卡池；权重1，冷却4轮；无条件门槛,最终48张重平衡数值；最终48张重平衡数值,身心-10；学业-5；经济+15,身心+10；学业+10；经济-10,上升：经济；下降：身心、学业,上升：身心、学业；下降：经济,7,,,,,,,,,,,,,
E008,US_E008,Main,cs_None,normal,日常,原有,校园比赛,一个比赛正在报名，主题和你的兴趣有关，但准备时间很紧。,报名参赛,暂时观望,,,-10,10,5,-5,5,-5,0,5,,,1,1,4,100,false,true,false,main,,,,,,,,,,,真实自我,,最终48张日常卡池；权重1，冷却4轮；无条件门槛,最终48张重平衡数值；最终48张重平衡数值,身心-10；学业+10；人际+5；经济-5,身心+5；学业-5；经济+5,上升：学业、人际；下降：身心、经济,上升：身心、经济；下降：学业,9,,,,,,,,,,,,,
E010,US_E010,Main,cs_None,normal,日常,原有,电脑崩溃,你正在写作业，电脑突然卡死，文件还没保存。,重头开始做,直接休息,,,-10,10,0,-5,10,-10,0,5,,,1,1,4,100,false,true,false,main,,,,,,,,,,,普通,,最终48张日常卡池；权重1，冷却4轮；无条件门槛,最终48张重平衡数值；最终48张重平衡数值,身心-10；学业+10；经济-5,身心+10；学业-10；经济+5,上升：学业；下降：身心、经济,上升：身心、经济；下降：学业,11,,,,,,,,,,,,,
E011,US_E011,Main,cs_None,normal,日常,原有,体测通知,体测时间公布了，你突然想起自己很久没运动。,不管了随缘,临时抱佛脚,,,-10,0,0,5,10,-5,-5,5,,,1,1,4,100,false,true,false,main,,,,,,,,,,,身心|真实自我,,最终48张日常卡池；权重1，冷却4轮；无条件门槛,最终48张重平衡数值；最终48张重平衡数值,身心-10；经济+5,身心+10；学业-5；人际-5；经济+5,上升：经济；下降：身心,上升：身心、经济；下降：学业、人际,12,,,,,,,,,,,,,
E012,US_E012,Main,cs_None,normal,日常,原有,课堂展示,下周要做课程展示，你可以选择稳妥完成，也可以做一个更有创意的版本。,稳妥完成,做创意版,,,-5,10,5,-5,-10,15,10,-5,,,1,1,4,100,false,true,false,main,,,,,,,,,,,课程,,最终48张日常卡池；权重1，冷却4轮；无条件门槛,最终48张重平衡数值；最终48张重平衡数值,身心-5；学业+10；人际+5；经济-5,身心-10；学业+15；人际+10；经济-5,上升：学业、人际；下降：身心、经济,上升：学业、人际；下降：身心、经济,13,,,,,,,,,,,,,
E013,US_E013,Main,cs_None,normal,日常,原有,室友作息,室友深夜还在外放视频，你明天早上有课。,直接沟通,忍一下,,,5,5,-5,0,-10,-5,5,5,,,1,1,4,100,false,true,false,main,,,,,,,,,,,宿舍|课程,,最终48张日常卡池；权重1，冷却4轮；无条件门槛,最终48张重平衡数值；最终48张重平衡数值,身心+5；学业+5；人际-5,身心-10；学业-5；人际+5；经济+5,上升：身心、学业；下降：人际,上升：人际、经济；下降：身心、学业,14,,,,,,,,,,,,,
E014,US_E014,Main,cs_None,normal,日常,原有,学长内推,学长说有个实习机会可以内推，但你还没准备好简历。,立刻准备,以后再说,,,-10,10,5,5,5,-10,-5,5,,,1,1,4,100,false,true,false,main,,,,,,,,,,,普通,,最终48张日常卡池；权重1，冷却4轮；无条件门槛,最终48张重平衡数值；最终48张重平衡数值,身心-10；学业+10；人际+5；经济+5,身心+5；学业-10；人际-5；经济+5,上升：学业、人际、经济；下降：身心,上升：身心、经济；下降：学业、人际,15,,,,,,,,,,,,,
E018,US_E018,Main,cs_None,normal,日常,原有,朋友借钱,朋友说生活费还没到账，想先向你借一点钱。,借给对方,婉拒,,,0,0,10,-15,5,0,-10,5,,,1,1,4,100,false,true,false,main,,,,,,,,,,,社交|经济,,最终48张日常卡池；权重1，冷却4轮；无条件门槛,最终48张重平衡数值；最终48张重平衡数值,人际+10；经济-15,身心+5；人际-10；经济+5,上升：人际；下降：经济,上升：身心、经济；下降：人际,19,,,,,,,,,,,,,
E019,US_E019,Main,cs_None,normal,日常,原有,校园讲座,晚上有一场讲座，主题很有价值，但你今天已经很累了。,去听讲座,回宿舍休息,,,-10,10,5,0,10,-5,0,0,,,1,1,4,100,false,true,false,main,,,,,,,,,,,普通,,最终48张日常卡池；权重1，冷却4轮；无条件门槛,最终48张重平衡数值；最终48张重平衡数值,身心-10；学业+10；人际+5,身心+10；学业-5,上升：学业、人际；下降：身心,上升：身心；下降：学业,20,,,,,,,,,,,,,
E020,US_E020,Main,cs_None,normal,日常,原有,感冒前兆,你感觉喉咙有点痛，但明天满课,明天请假不去,继续硬撑,,,15,-10,-5,-5,-15,5,0,5,,,1,1,4,100,false,true,false,main,,,,,,,,,,,课程|身心,,最终48张日常卡池；权重1，冷却4轮；无条件门槛,最终48张重平衡数值；最终48张重平衡数值,身心+15；学业-10；人际-5；经济-5,身心-15；学业+5；经济+5,上升：身心；下降：学业、人际、经济,上升：学业、经济；下降：身心,21,,,,,,,,,,,,,
E022,US_E022,Main,cs_None,normal,日常,原有,早八占座,室友给你带早餐让你帮他占后排，但只有一个座位了,帮他占座,自己坐,,,-5,-5,10,5,5,5,-10,5,,,1,1,4,100,false,true,false,main,,,,,,,,,,,宿舍|课程,,最终48张日常卡池；权重1，冷却4轮；无条件门槛,最终48张重平衡数值；最终48张重平衡数值,身心-5；学业-5；人际+10；经济+5,身心+5；学业+5；人际-10；经济+5,上升：人际、经济；下降：身心、学业,上升：身心、学业、经济；下降：人际,23,,,,,,,,,,,,,
E024,US_E024,Main,cs_None,normal,日常,原有,外卖超时,外卖超时未达，但你快准备去上课了,等不了了,人是铁饭是钢,,,-5,5,0,-5,5,-10,0,5,,,1,1,4,100,false,true,false,main,,,,,,,,,,,课程|经济,,最终48张日常卡池；权重1，冷却4轮；无条件门槛,最终48张重平衡数值；最终48张重平衡数值,身心-5；学业+5；经济-5,身心+5；学业-10；经济+5,上升：学业；下降：身心、经济,上升：身心、经济；下降：学业,25,,,,,,,,,,,,,
E026,US_E026,Main,cs_None,normal,日常,原有,社团例会,社团临时加开例会，你本打算去图书馆准备第二天的考试。,参加例会,复习考试,,,-5,-15,15,5,-5,15,-10,0,,,1,1,4,100,false,true,false,main,,,,,,,,,,,考试周|社交,,最终48张日常卡池；权重1，冷却4轮；无条件门槛,最终48张重平衡数值；最终48张重平衡数值,身心-5；学业-15；人际+15；经济+5,身心-5；学业+15；人际-10,上升：人际、经济；下降：身心、学业,上升：学业；下降：身心、人际,27,,,,,,,,,,,,,
E027,US_E027,Main,cs_None,normal,日常,原有,操场散步,你暗恋的人约你单独去操场散步，你很紧张。,去,不去,,,-5,-5,15,-5,5,5,-10,0,,,1,1,4,100,false,true,false,main,,,,,,,,,,,社交,,最终48张日常卡池；权重1，冷却4轮；无条件门槛,最终48张重平衡数值；最终48张重平衡数值,身心-5；学业-5；人际+15；经济-5,身心+5；学业+5；人际-10,上升：人际；下降：身心、学业、经济,上升：身心、学业；下降：人际,28,,,,,,,,,,,,,
E034,US_E034,Main,cs_None,normal,日常,原有,班级投票,班级评优投票，你的好朋友和另一个同学竞争。,朋友最大,同学确实更好,,,0,0,10,-5,-5,5,-10,5,,,1,1,4,100,false,true,false,main,,,,,,,,,,,社交,,最终48张日常卡池；权重1，冷却4轮；无条件门槛,最终48张重平衡数值；最终48张重平衡数值,人际+10；经济-5,身心-5；学业+5；人际-10；经济+5,上升：人际；下降：经济,上升：学业、经济；下降：身心、人际,35,,,,,,,,,,,,,
E038,US_E038,Main,cs_None,normal,日常,原有,论文查重,选修课论文查重率超了，距离截止只剩一小时。,花钱降重,不管了先交,,,-5,10,5,-15,5,-15,0,5,,,1,1,4,100,false,true,false,main,,,,,,,,,,,课程|考试周,,最终48张日常卡池；权重1，冷却4轮；无条件门槛,最终48张重平衡数值；最终48张重平衡数值,身心-5；学业+10；人际+5；经济-15,身心+5；学业-15；经济+5,上升：学业、人际；下降：身心、经济,上升：身心、经济；下降：学业,39,,,,,,,,,,,,,
E042,US_E042,Main,cs_None,normal,日常,原有,选修退课,选修课虽然给分高但事情多、压力大、自己也没兴趣,为了学分拼了,麻烦但退课,,,-15,15,0,0,10,-10,0,5,,,1,1,4,100,false,true,false,main,,,,,,,,,,,课程|真实自我,,最终48张日常卡池；权重1，冷却4轮；无条件门槛,最终48张重平衡数值；最终48张重平衡数值,身心-15；学业+15,身心+10；学业-10；经济+5,上升：学业；下降：身心,上升：身心、经济；下降：学业,43,,,,,,,,,,,,,
E043,US_E043,Main,cs_None,normal,日常,原有,社团竞选,社团部长竞选，你准备了很久但很紧张。,下次再说,试一试,,,5,5,-10,0,-10,0,15,0,,,1,1,4,100,false,true,false,main,,,,,,,,,,,社交,,最终48张日常卡池；权重1，冷却4轮；无条件门槛,最终48张重平衡数值；最终48张重平衡数值,身心+5；学业+5；人际-10,身心-10；人际+15,上升：身心、学业；下降：人际,上升：人际；下降：身心,44,,,,,,,,,,,,,
E046,US_E046,Main,cs_None,normal,日常,原有,外卖点错,外卖点成了不会吃的辣口,好饿先硬吃吧,重新送一份,,,-5,0,0,5,5,0,0,-10,,,1,1,4,100,false,true,false,main,,,,,,,,,,,经济,,最终48张日常卡池；权重1，冷却4轮；无条件门槛,最终48张重平衡数值；最终48张重平衡数值,身心-5；经济+5,身心+5；经济-10,上升：经济；下降：身心,上升：身心；下降：经济,47,,,,,,,,,,,,,
E048,US_E048,Main,cs_None,normal,日常,原有,深夜恍惚,夜里看手机不知不觉到了一点，困意已全无，但明早有早八,快睡吧,看到困了再睡,,,10,5,-5,-5,-5,-10,5,5,,,1,1,4,100,false,true,false,main,,,,,,,,,,,课程,,最终48张日常卡池；权重1，冷却4轮；无条件门槛,最终48张重平衡数值；最终48张重平衡数值,身心+10；学业+5；人际-5；经济-5,身心-5；学业-10；人际+5；经济+5,上升：身心、学业；下降：人际、经济,上升：人际、经济；下降：身心、学业,49,,,,,,,,,,,,,
E049,US_E049,Main,cs_None,normal,日常,原有,演唱会之夜,今晚有你喜欢的乐队的演出，你早早抢到了票，却发现和一节专业课冲突了，而专业课的老师是你亲戚的朋友,还是去上课吧,听演出是对的,,,-10,15,-5,0,10,-15,10,-10,,,1,1,4,100,false,true,false,main,,,,,,,,,,,家庭|课程|社交|真实自我,,最终48张日常卡池；权重1，冷却4轮；无条件门槛,最终48张重平衡数值；最终48张重平衡数值,身心-10；学业+15；人际-5,身心+10；学业-15；人际+10；经济-10,上升：学业；下降：身心、人际,上升：身心、人际；下降：学业、经济,50,,,,,,,,,,,,,
E051,US_E051,Main,cs_None,normal,日常,原有,我已急哭,你放在宿舍的一包零食不见了，你严重怀疑是你上铺的同学拿走的！但你并不确定他是不是拿错了,忍不了我质问,算了吧我沉默,,,0,0,-15,5,-5,0,5,-5,,,1,1,4,100,false,true,false,main,,,,,,,,,,,宿舍|社交,,最终48张日常卡池；权重1，冷却4轮；无条件门槛,最终48张重平衡数值；最终48张重平衡数值,人际-15；经济+5,身心-5；人际+5；经济-5,上升：经济；下降：人际,上升：人际；下降：身心、经济,52,,,,,,,,,,,,,
E052,US_E052,Main,cs_None,normal,日常,原有,说实话没办法,晚上本来打算只玩一会游戏，结果框框连胜上了好多分，明明再赢两局就能上一个大段，却开始输赢输赢怎么也上不去,我已上头今天必须上分,我已力竭算了明天再打,,,0,-15,5,5,10,5,-5,-5,,,1,1,4,100,false,true,false,main,,,,,,,,,,,游戏,,最终48张日常卡池；权重1，冷却4轮；无条件门槛,最终48张重平衡数值；最终48张重平衡数值,学业-15；人际+5；经济+5,身心+10；学业+5；人际-5；经济-5,上升：人际、经济；下降：学业,上升：身心、学业；下降：人际、经济,53,,,,,,,,,,,,,
E054,US_E054,Main,cs_None,normal,日常,原有,板面～,同学叫你去吃自助餐，最想吃的一集，然而如果你去了这个月接下来的几天就要吃土了,我好吃自助餐这一块,对不起我只喝冰露不吃饭,,,5,-5,10,-15,-5,5,-10,10,,,1,1,4,100,false,true,false,main,,,,,,,,,,,社交|经济,,最终48张日常卡池；权重1，冷却4轮；无条件门槛,最终48张重平衡数值；最终48张重平衡数值,身心+5；学业-5；人际+10；经济-15,身心-5；学业+5；人际-10；经济+10,上升：身心、人际；下降：学业、经济,上升：学业、经济；下降：身心、人际,55,,,,,,,,,,,,,
E055,US_E055,Main,cs_None,normal,日常,原有,我愤怒,已经是深夜了，楼上的宿舍还在发出喧嚣的吵闹声，你的舍友已经忍无可忍，拿着刀就要上楼，你想要跟着他一起，又害怕摊上事……,开团秒跟,我装睡,,,0,-5,-15,5,-5,0,5,0,,,1,1,4,100,false,true,false,main,,,,,,,,,,,宿舍,,最终48张日常卡池；权重1，冷却4轮；无条件门槛,最终48张重平衡数值；最终48张重平衡数值,学业-5；人际-15；经济+5,身心-5；人际+5,上升：经济；下降：学业、人际,上升：人际；下降：身心,56,,,,,,,,,,,,,
E056,US_E056,Main,cs_None,normal,日常,原有,我逃课,早八的大英太讨厌了，你想要一睡到底，但又怕老师点名,我逃课,我屈服,,,10,-15,-5,5,-5,10,0,0,,,1,1,4,100,false,true,false,main,,,,,,,,,,,课程|身心,,最终48张日常卡池；权重1，冷却4轮；无条件门槛,最终48张重平衡数值；最终48张重平衡数值,身心+10；学业-15；人际-5；经济+5,身心-5；学业+10,上升：身心、经济；下降：学业、人际,上升：学业；下降：身心,57,,,,,,,,,,,,,
E057,US_E057,Main,cs_None,normal,日常,原有,我哭泣,最近过的好糟糕，妈妈打电话时感受到了你的抑郁情绪，想要来看你一趟，但你又不想让妈妈太麻烦,我没事,妈妈我好想你,,,-10,5,-10,5,15,-5,0,-5,,,1,1,4,100,false,true,false,main,,,,,,,,,,,家庭,,最终48张日常卡池；权重1，冷却4轮；无条件门槛,最终48张重平衡数值；最终48张重平衡数值,身心-10；学业+5；人际-10；经济+5,身心+15；学业-5；经济-5,上升：学业、经济；下降：身心、人际,上升：身心；下降：学业、经济,58,,,,,,,,,,,,,
E058,US_E058,Main,cs_None,normal,日常,原有,社交纠结,附近商场将要有一场你很关注的漫展，但你找不到一起去的朋友，你在犹豫要不要发个朋友圈问问有没有一起去的人,自己去吧,找个伴不错,,,10,-5,-5,-10,5,-5,15,-10,,,1,1,4,100,false,true,false,main,,,,,,,,,,,社交,,最终48张日常卡池；权重1，冷却4轮；无条件门槛,最终48张重平衡数值；最终48张重平衡数值,身心+10；学业-5；人际-5；经济-10,身心+5；学业-5；人际+15；经济-10,上升：身心；下降：学业、人际、经济,上升：身心、人际；下降：学业、经济,59,,,,,,,,,,,,,
E059,US_E059,Main,cs_None,normal,日常,原有,我装扮,衣柜里的衣服虽然穿着还挺舒服，但款式太基础也太少了，你在考虑要不要买点衣服打扮一下自己,我购买,我不够买,,,10,-5,10,-15,-5,5,-5,10,,,1,1,4,100,false,true,false,main,,,,,,,,,,,经济|真实自我,,最终48张日常卡池；权重1，冷却4轮；无条件门槛,最终48张重平衡数值；最终48张重平衡数值,身心+10；学业-5；人际+10；经济-15,身心-5；学业+5；人际-5；经济+10,上升：身心、人际；下降：学业、经济,上升：学业、经济；下降：身心、人际,60,,,,,,,,,,,,,
E060,US_E060,Main,cs_None,normal,日常,原有,否定,讨厌你的舍友，但你又不敢说，有一天忍无可忍你写了一篇长文吐槽你的舍友，犹豫要不要发在匿名墙,爆！,算了算了都哥们……,,,0,-5,-15,5,5,0,5,-5,,,1,1,4,100,false,true,false,main,,,,,,,,,,,普通,,最终48张日常卡池；权重1，冷却4轮；无条件门槛,最终48张重平衡数值；最终48张重平衡数值,学业-5；人际-15；经济+5,身心+5；人际+5；经济-5,上升：经济；下降：学业、人际,上升：身心、人际；下降：经济,61,,,,,,,,,,,,,
E062,US_E062,Main,cs_None,normal,日常,原有,运动会,学校马上要举办运动会了，你高中时曾拿过很多奖项，但你不确定现在身体是否还能像之前一样强壮......,老兵不死我要报名,算了吧别丢人现眼,,,10,-5,5,-5,-5,5,-5,5,,,1,1,4,100,false,true,false,main,,,,,,,,,,,普通,,最终48张日常卡池；权重1，冷却4轮；无条件门槛,最终48张重平衡数值；最终48张重平衡数值,身心+10；学业-5；人际+5；经济-5,身心-5；学业+5；人际-5；经济+5,上升：身心、人际；下降：学业、经济,上升：学业、经济；下降：身心、人际,63,,,,,,,,,,,,,
E063,US_E063,Main,cs_None,normal,日常,原有,同学聚餐,宿舍里几个同学商量要去一起聚餐，但是聚餐的地方似乎是个比较高级的饭店，你怕经济负担会有点大,还是去吧,算了我穷,,,5,-5,10,-15,-5,5,-10,10,,,1,1,4,100,false,true,false,main,,,,,,,,,,,宿舍|社交|经济,,最终48张日常卡池；权重1，冷却4轮；无条件门槛,最终48张重平衡数值；最终48张重平衡数值,身心+5；学业-5；人际+10；经济-15,身心-5；学业+5；人际-10；经济+10,上升：身心、人际；下降：学业、经济,上升：学业、经济；下降：身心、人际,64,,,,,,,,,,,,,
E064,US_E064,Main,cs_None,normal,日常,新增,父母电话,妈妈问你最近成绩怎么样，又顺口提起表哥已经开始准备考研。,报喜不报忧,说说真实情况,,,-5,5,-10,5,10,-5,5,-5,,,1,1,4,100,false,true,false,main,,,,,,,,,,,家庭|家庭压力,,最终48张日常卡池；权重1，冷却4轮；无条件门槛,新增：用于补足家庭/经济/考试/身心恢复等卡池；最终48张重平衡数值；最终48张重平衡数值,身心-5；学业+5；人际-10；经济+5,身心+10；学业-5；人际+5；经济-5,上升：学业、经济；下降：身心、人际,上升：身心、人际；下降：学业、经济,65,,,,,,,,,,,,,
E065,US_E065,Main,cs_None,normal,日常,新增,亲戚比较,亲戚在群里问你以后打算去哪工作，话里话外都在比较。,顺着说几句,把话题岔开,,,-10,5,5,0,5,-5,-5,5,,,1,1,4,100,false,true,false,main,,,,,,,,,,,家庭|家庭压力,,最终48张日常卡池；权重1，冷却4轮；无条件门槛,新增：用于补足家庭/经济/考试/身心恢复等卡池；最终48张重平衡数值；最终48张重平衡数值,身心-10；学业+5；人际+5,身心+5；学业-5；人际-5；经济+5,上升：学业、人际；下降：身心,上升：身心、经济；下降：学业、人际,66,,,,,,,,,,,,,
E068,US_E068,Main,cs_None,normal,日常,新增,考前押题,同学神神秘秘发来一份“高命中押题”，群里已经传开了。,跟着押一把,按计划复习,,,-5,5,5,0,-10,15,-5,0,,,1,1,4,100,false,true,false,main,,,,,,,,,,,考试周|社交,,最终48张日常卡池；权重1，冷却4轮；无条件门槛,新增：用于补足家庭/经济/考试/身心恢复等卡池；最终48张重平衡数值；最终48张重平衡数值,身心-5；学业+5；人际+5,身心-10；学业+15；人际-5,上升：学业、人际；下降：身心,上升：学业；下降：身心、人际,69,,,,,,,,,,,,,
E069,US_E069,Main,cs_None,normal,日常,新增,作弊诱惑,考试前排同学回头小声说，待会儿可以互相照应一下。,默认配合,装作没听见,,,-10,5,5,0,5,10,-5,-5,,,1,1,4,100,false,true,false,main,,,,,,,,,,,考试周|社交,,最终48张日常卡池；权重1，冷却4轮；无条件门槛,新增：用于补足家庭/经济/考试/身心恢复等卡池；最终48张重平衡数值；最终48张重平衡数值,身心-10；学业+5；人际+5,身心+5；学业+10；人际-5；经济-5,上升：学业、人际；下降：身心,上升：身心、学业；下降：人际、经济,70,,,,,,,,,,,,,
E070,US_E070,Main,cs_None,normal,日常,新增,医务室排队,你低烧了一上午，医务室门口排着长队，下午还有课。,排队看病,回去睡会,,,15,-10,0,-5,10,-15,0,5,,,1,1,4,100,false,true,false,main,,,,,,,,,,,课程|身心|生病,,最终48张日常卡池；权重1，冷却4轮；无条件门槛,新增：用于补足家庭/经济/考试/身心恢复等卡池；最终48张重平衡数值；最终48张重平衡数值,身心+15；学业-10；经济-5,身心+10；学业-15；经济+5,上升：身心；下降：学业、经济,上升：身心、经济；下降：学业,71,,,,,,,,,,,,,
E072,US_E072,Main,cs_None,normal,日常,新增,朋友求助,朋友临时让你帮他改 PPT，说真的只占用你一点点时间。,帮到半夜,拒绝一次,,,-15,-10,15,5,10,5,-10,0,,,1,1,4,100,false,true,false,main,,,,,,,,,,,社交|人际压力,,最终48张日常卡池；权重1，冷却4轮；无条件门槛,新增：用于补足家庭/经济/考试/身心恢复等卡池；最终48张重平衡数值；最终48张重平衡数值,身心-15；学业-10；人际+15；经济+5,身心+10；学业+5；人际-10,上升：人际、经济；下降：身心、学业,上升：身心、学业；下降：人际,73,,,,,,,,,,,,,
E074,US_E074,Main,cs_None,normal,日常,新增,二手出物,你翻出一台闲置设备，卖掉能回血，但总觉得以后可能用得上。,挂到二手群,先留着,,,-5,0,0,15,5,0,0,-5,,,1,1,4,100,false,true,false,main,,,,,,,,,,,经济|经济调节,,最终48张日常卡池；权重1，冷却4轮；无条件门槛,新增：用于补足家庭/经济/考试/身心恢复等卡池；最终48张重平衡数值；最终48张重平衡数值,身心-5；经济+15,身心+5；经济-5,上升：经济；下降：身心,上升：身心；下降：经济,75,,,,,,,,,,,,,
E075,US_E075,Main,cs_None,normal,日常,新增,课表重排,下学期选课开始了，一门课有趣但给分未知，另一门课稳妥但无聊。,按兴趣选,按绩点选,,,10,-5,5,-5,-5,15,-5,0,,,1,1,4,100,false,true,false,main,,,,,,,,,,,课程|真实自我,,最终48张日常卡池；权重1，冷却4轮；无条件门槛,新增：用于补足家庭/经济/考试/身心恢复等卡池；最终48张重平衡数值；最终48张重平衡数值,身心+10；学业-5；人际+5；经济-5,身心-5；学业+15；人际-5,上升：身心、人际；下降：学业、经济,上升：学业；下降：身心、人际,76,,,,,,,,,,,,,
E078,US_E078,Main,cs_None,normal,日常,新增,竞赛奖金,一个校级比赛奖金不低，但报名后这两周都要赶材料。,冲一笔奖金,保住节奏,,,-10,10,-5,15,10,-5,0,-5,,,1,1,4,100,false,true,false,main,,,,,,,,,,,考试周|经济|考试|经济,,最终48张日常卡池；权重1，冷却4轮；无条件门槛,新增：用于补足家庭/经济/考试/身心恢复等卡池；最终48张重平衡数值；最终48张重平衡数值,身心-10；学业+10；人际-5；经济+15,身心+10；学业-5；经济-5,上升：学业、经济；下降：身心、人际,上升：身心；下降：学业、经济,79,,,,,,,,,,,,,
E079,US_E079,Main,cs_None,normal,日常,新增,记账软件,你发现这个月花销有点失控，手机里躺着一个很久没打开的记账软件。,认真记账,眼不见心不烦,,,-5,5,-5,15,5,-5,0,-10,,,1,1,4,100,false,true,false,main,,,,,,,,,,,经济|经济调节,,最终48张日常卡池；权重1，冷却4轮；无条件门槛,新增：用于补足家庭/经济/考试/身心恢复等卡池；最终48张重平衡数值；最终48张重平衡数值,身心-5；学业+5；人际-5；经济+15,身心+5；学业-5；经济-10,上升：学业、经济；下降：身心、人际,上升：身心；下降：学业、经济,80,,,,,,,,,,,,,
E083,US_E083,Main,cs_None,normal,日常,新增,家教机会,同学介绍了一个周末家教，钱不少，但路程很远。,接下家教,留出周末,,,-15,-10,5,15,10,5,-5,-5,,,1,1,4,100,false,true,false,main,,,,,,,,,,,社交|经济|兼职,,最终48张日常卡池；权重1，冷却4轮；无条件门槛,新增：用于补足家庭/经济/考试/身心恢复等卡池；最终48张重平衡数值；最终48张重平衡数值,身心-15；学业-10；人际+5；经济+15,身心+10；学业+5；人际-5；经济-5,上升：人际、经济；下降：身心、学业,上升：身心、学业；下降：人际、经济,84,,,,,,,,,,,,,
E084,US_E084,Main,cs_None,normal,日常,新增,周末补觉,周末上午没有课，你第一次醒来时天已经亮了，手机里还有几条未读消息。,继续补觉,起床处理,,,15,-5,-5,0,-5,5,5,-5,,,1,1,4,100,false,true,false,main,,,,,,,,,,,课程|身心|身心恢复,,最终48张日常卡池；权重1，冷却4轮；无条件门槛,新增：用于补足家庭/经济/考试/身心恢复等卡池；最终48张重平衡数值；最终48张重平衡数值,身心+15；学业-5；人际-5,身心-5；学业+5；人际+5；经济-5,上升：身心；下降：学业、人际,上升：学业、人际；下降：身心、经济,85,,,,,,,,,,,,,
S100,US_S100,Mainline,cs_None,story,社交主线,新增,网线另一端的你,和你一起打游戏的固玩突然说要来你的城市找你，你有点纠结是否要线下见面招待一下对方,我想还是算了吧,没准会成为一生的好朋友？,你们仍然在线上组队，只是语音里安静了一点。,你把校门口咖啡店的位置发了过去。,3,0,-3,0,-3,0,8,0,,,1,1,0,1,true,false,false,mainline,,,,,,,,,,,主线|社交,,主线入口由调度器投放；后续卡仅通过事件链进入。,建议右选项进入后续事件链；左选项可回到普通卡池。,身心+3；人际-3,身心-3；人际+8,保持线上关系，安全但疏远。,进入社交主线后续卡。,,,S101,false,,MAIN_01,,,MAIN_SOCIAL,1,false,,,
S101,US_S101,Mainline,cs_None,story,社交主线,新增,网线另一端的你,你提前半小时到了校门口，手里拿着两杯奶茶。对方发来消息：我好像走错校区了。你突然开始后悔。,再等一会,再等一会,奶茶杯壁上的水珠慢慢流到你手心。,奶茶杯壁上的水珠慢慢流到你手心。,0,0,0,0,0,0,0,0,,,1,1,0,1,true,false,false,mainline,,,,,,,,,,,主线|社交,,主线入口由调度器投放；后续卡仅通过事件链进入。,叙事推进：事情看起来不太顺利。,,,,,,S102,S102,,,,,,MAIN_SOCIAL,2,false,,,
S102,US_S102,Mainline,cs_None,story,社交主线,新增,网线另一端的你,他终于从公交站跑过来，第一句话是：“这地方比副本还难找。”你一下笑出来，语音里的那个人好像真的站在了眼前。,带他逛逛,带他逛逛,原来网友也会喘气，也会迷路。,原来网友也会喘气，也会迷路。,0,0,0,0,0,0,0,0,,,1,1,0,1,true,false,false,mainline,,,,,,,,,,,主线|社交,,主线入口由调度器投放；后续卡仅通过事件链进入。,尴尬被打破，关系变真实。,,,,,,S103,S103,,,,,,MAIN_SOCIAL,3,false,,,
S103,US_S103,Mainline,cs_None,story,社交主线,新增,网线另一端的你,你们俩聊的很开心，从游戏聊到了未来理想，又聊到了人生。临走时，你的固玩依依不舍,没准真是好朋友,没准真是好朋友,关系不一定要按课表出现。,关系不一定要按课表出现。,0,0,0,0,0,0,0,0,,,1,1,0,1,true,false,false,mainline,,,,,,,,,,,主线|社交,,主线入口由调度器投放；后续卡仅通过事件链进入。,真实关系不一定只来自班级、宿舍和社团。,,,,,,,,,,,,,MAIN_SOCIAL,4,false,,,
S200,US_S200,Mainline,cs_None,story,学业主线,新增,结课作业,一门水课结课作业是写一个自己的故事。同学大部分都是拿AI写的，大家汇报都是走个形式。你想好好写，但这要花费很多时间,应付了事,写我想写的,文件很快交上去了，你也很快忘了它。,你新建文档，光标像在等你先开口。,3,2,0,0,-6,6,0,0,,,1,1,0,1,true,false,false,mainline,,,,,,,,,,,主线|学业,,主线入口由调度器投放；后续卡仅通过事件链进入。,建议右选项进入后续事件链；左选项可回到普通卡池。,身心+3；学业+2,身心-6；学业+6,完成任务但没有留下真实表达。,进入学业主线后续卡。,,,S201,false,,MAIN_02,,,MAIN_ACADEMICS,1,false,,,
S201,US_S201,Mainline,cs_None,story,学业主线,新增,结课作业,你打开空文档，写了三行又删掉。班群里已经有人发了 AI 生成模板，还说：“别太认真，老师不会看的。”,再写一段,再写一段,光标一闪一闪，像在等你先开口。,光标一闪一闪，像在等你先开口。,0,0,0,0,0,0,0,0,,,1,1,0,1,true,false,false,mainline,,,,,,,,,,,主线|学业,,主线入口由调度器投放；后续卡仅通过事件链进入。,叙事推进：认真好像显得很傻。,,,,,,S202,S202,,,,,,MAIN_ACADEMICS,2,false,,,
S202,US_S202,Mainline,cs_None,story,学业主线,新增,结课作业,汇报前你只想快点念完。可读到一半，后排聊天声慢慢停了，有个平时不说话的同学抬头看着你。,把它念完,把它念完,原来认真不是很丢脸的事。,原来认真不是很丢脸的事。,0,0,0,0,0,0,0,0,,,1,1,0,1,true,false,false,mainline,,,,,,,,,,,主线|学业,,主线入口由调度器投放；后续卡仅通过事件链进入。,表达被别人听见了。,,,,,,S203,S203,,,,,,MAIN_ACADEMICS,3,false,,,
S203,US_S203,Mainline,cs_None,story,学业主线,新增,结课作业,你完成你的汇报，老师欣赏的点了点头，教室里传来零零散散的一些掌声，你长舒一口气,因为山就在那,因为山就在那,你发现学业也可以不是表演。,你发现学业也可以不是表演。,0,0,0,0,0,0,0,0,,,1,1,0,1,true,false,false,mainline,,,,,,,,,,,主线|学业,,主线入口由调度器投放；后续卡仅通过事件链进入。,学习不只是成绩，也可以是一次表达自己。,,,,,,,,,,,,,MAIN_ACADEMICS,4,false,,,
S300,US_S300,Mainline,cs_None,story,健康主线,新增,不想学习,不知道从什么时候开始，你觉得你的大学生活毫无意义，每天都在上着没有用的课，也不知道未来在何方，不行，我可以的，振作起来！！！,振作起来！！！,也许是时候摆烂了,你打开待办清单，第一行就把自己劝退了。,你关掉闹钟，世界安静了一点。,-8,5,0,0,8,-8,0,0,,,1,1,0,1,true,false,false,mainline,,,,,,,,,,,主线|健康,,主线入口由调度器投放；后续卡仅通过事件链进入。,建议右选项进入后续事件链；左选项可回到普通卡池。,身心-8；学业+5,身心+8；学业-8,强行自律，短期推进学业但压低身心。,进入健康主线后续卡。,,,S301,false,,MAIN_03,,,MAIN_BODY_MIND,1,false,,,
S301,US_S301,Mainline,cs_None,story,健康主线,新增,不想学习,你关掉闹钟，错过早八，错过午饭，也错过群里的签到提醒。第一天很轻松，第三天你连游戏登录都嫌累。,再躺一会,再躺一会,摆烂也会消耗体力。,摆烂也会消耗体力。,0,0,0,0,0,0,0,0,,,1,1,0,1,true,false,false,mainline,,,,,,,,,,,主线|健康,,主线入口由调度器投放；后续卡仅通过事件链进入。,叙事推进：摆烂并没有马上解决问题。,,,,,,S302,S302,,,,,,MAIN_BODY_MIND,2,false,,,
S302,US_S302,Mainline,cs_None,story,健康主线,新增,不想学习,你下楼丢垃圾，顺手把衣服塞进洗衣机。机器转起来的时候，你突然想：下午那节课，好像也不是完全不能去。,先洗把脸,先洗把脸,原来恢复不是热血，是重新动一下。,原来恢复不是热血，是重新动一下。,0,0,0,0,0,0,0,0,,,1,1,0,1,true,false,false,mainline,,,,,,,,,,,主线|健康,,主线入口由调度器投放；后续卡仅通过事件链进入。,恢复从很小的动作开始。,,,,,,S303,S303,,,,,,MAIN_BODY_MIND,3,false,,,
S303,US_S303,Mainline,cs_None,story,健康主线,新增,不想学习,在你玩到什么游戏也不想玩，一秒钟手机都不想看的时候。你忽然发现，自己好像又想去上课了,原来生活没有时间表,原来生活没有时间表,身体不是敌人，是你的起点。,身体不是敌人，是你的起点。,0,0,0,0,0,0,0,0,,,1,1,0,1,true,false,false,mainline,,,,,,,,,,,主线|健康,,主线入口由调度器投放；后续卡仅通过事件链进入。,休息不是失败，生活没有标准时间表。,,,,,,,,,,,,,MAIN_BODY_MIND,4,false,,,
S400,US_S400,Mainline,cs_None,story,金钱主线,新增,那张票,周末有个你惦记很久的小展，门票加来回车费不算少。你本来想把钱省下来，像一个“会过日子”的大学生。,还是省下来吧,去看看,你关掉购票页，余额没变，心里空了一点。,付款成功，你盯着余额看了很久。,-2,0,0,5,5,0,0,-10,,,1,1,0,1,true,false,false,mainline,,,,,,,,,,,主线|金钱,,主线入口由调度器投放；后续卡仅通过事件链进入。,建议右选项进入后续事件链；左选项可回到普通卡池。,身心-2；经济+5,身心+5；经济-10,钱保住了，但继续压抑自己的欲望。,进入金钱主线后续卡。,,,S401,false,,MAIN_04,,,MAIN_ECONOMY,1,false,,,
S401,US_S401,Mainline,cs_None,story,金钱主线,新增,那张票,刚出校门，手机就弹出本月预算提醒。雨又下起来，鞋边很快湿了，你开始怀疑这趟是不是太任性。,继续往前走,继续往前走,你把票二维码又确认了一遍。,你把票二维码又确认了一遍。,0,0,0,0,0,0,0,0,,,1,1,0,1,true,false,false,mainline,,,,,,,,,,,主线|金钱,,主线入口由调度器投放；后续卡仅通过事件链进入。,叙事推进：花钱之后开始后悔。,,,,,,S402,S402,,,,,,MAIN_ECONOMY,2,false,,,
S402,US_S402,Mainline,cs_None,story,金钱主线,新增,那张票,展厅比你想象中小，只有几排作品。可留言本上有人写：“我也是一个人来的。”你在旁边写下日期，忽然觉得今天有了名字。,慢慢看完,慢慢看完,原来一个人花钱出门，也不需要向谁解释。,原来一个人花钱出门，也不需要向谁解释。,0,0,0,0,0,0,0,0,,,1,1,0,1,true,false,false,mainline,,,,,,,,,,,主线|金钱,,主线入口由调度器投放；后续卡仅通过事件链进入。,这笔钱买到的不是“值不值”，而是一段自己的时间。,,,,,,S403,S403,,,,,,MAIN_ECONOMY,3,false,,,
S403,US_S403,Mainline,cs_None,story,金钱主线,新增,那张票,返校路上，你买了一杯热豆浆。钱确实少了，但这个下午像被你亲手拿了回来。你开始明白，花钱不只是计算损失，也可以是在给生活留位置。,原来钱也可以这样花,原来钱也可以这样花,不是每一笔支出都要证明有用。,不是每一笔支出都要证明有用。,0,0,0,0,0,0,0,0,,,1,1,0,1,true,false,false,mainline,,,,,,,,,,,主线|金钱,,主线入口由调度器投放；后续卡仅通过事件链进入。,钱不是路线，是帮助自己生活的工具。,,,,,,,,,,,,,MAIN_ECONOMY,4,false,,,
TE001,US_TE001,TrueEnding,cs_None,ending,真结局,新增,路在何方,原来，人生是旷野，而非孤岛,找到自己的星星,找到自己的星星,,,0,0,0,0,0,0,0,0,,,0,0,0,1,true,false,false,true_ending,,,,,,,,,,,真结局,,真结局触发后显示；左右选项均回到新游戏,P0修复新增真结局卡；正式卡图待提供,回到新游戏,回到新游戏,无数值变化,无数值变化,TE001,,,false,,,,,TRUE_ENDING,1,true,TRUE_ENDING,0,0
END01,US_END01,ValueEnding,cs_GameOver,ending,数值结局,新增,自律,你很满意自己每天极度自律的健康生活，只是你的生活除了自律，似乎不需要再做些什么了,为什么,为什么,,,0,0,0,0,0,0,0,0,,,0,0,0,1,true,false,false,value_ending,bodyMind > 100,,,,,,,,,,数值结局|健康,,bodyMind > 100 触发后显示；按偏离边界值最大者优先,来自结局卡.xlsx,回到新游戏,回到新游戏,无数值变化,无数值变化,END01,,,false,,,,,,,false,,0,0
END02,US_END02,ValueEnding,cs_GameOver,ending,数值结局,新增,一次腹痛,你在某天睡醒之后发现自己发烧，匆匆忙忙去了医院，没人把这当回事，可你却在也没下过病床,为什么,为什么,,,0,0,0,0,0,0,0,0,,,0,0,0,1,true,false,false,value_ending,bodyMind < 0,,,,,,,,,,数值结局|健康,,bodyMind < 0 触发后显示；按偏离边界值最大者优先,来自结局卡.xlsx,回到新游戏,回到新游戏,无数值变化,无数值变化,END02,,,false,,,,,,,false,,0,0
END03,US_END03,ValueEnding,cs_GameOver,ending,数值结局,新增,优绩主义,你的成绩永远是第一，各种奖项拿到手软，但你的时间早就被考试和比赛填满,为什么,为什么,,,0,0,0,0,0,0,0,0,,,0,0,0,1,true,false,false,value_ending,academics > 100,,,,,,,,,,数值结局|学业,,academics > 100 触发后显示；按偏离边界值最大者优先,来自结局卡.xlsx,回到新游戏,回到新游戏,无数值变化,无数值变化,END03,,,false,,,,,,,false,,0,0
END04,US_END04,ValueEnding,cs_GameOver,ending,数值结局,新增,退学申请,你被辅导员叫到办公室，几位老师和你长谈一番，你知道，被劝退只是时间问题,为什么,为什么,,,0,0,0,0,0,0,0,0,,,0,0,0,1,true,false,false,value_ending,academics < 0,,,,,,,,,,数值结局|学业,,academics < 0 触发后显示；按偏离边界值最大者优先,来自结局卡.xlsx,回到新游戏,回到新游戏,无数值变化,无数值变化,END04,,,false,,,,,,,false,,0,0
END05,US_END05,ValueEnding,cs_GameOver,ending,数值结局,新增,人形AI,你是大学里的社交达人，大家羡慕的对象，可你也习惯将真实的情绪掩埋在心底,为什么,为什么,,,0,0,0,0,0,0,0,0,,,0,0,0,1,true,false,false,value_ending,relationships > 100,,,,,,,,,,数值结局|社交,,relationships > 100 触发后显示；按偏离边界值最大者优先,来自结局卡.xlsx,回到新游戏,回到新游戏,无数值变化,无数值变化,END05,,,false,,,,,,,false,,0,0
END06,US_END06,ValueEnding,cs_GameOver,ending,数值结局,新增,透明校友,突然有一天，你消失在了校园里，可直到学期结束，也没有人发现,为什么,为什么,,,0,0,0,0,0,0,0,0,,,0,0,0,1,true,false,false,value_ending,relationships < 0,,,,,,,,,,数值结局|社交,,relationships < 0 触发后显示；按偏离边界值最大者优先,来自结局卡.xlsx,回到新游戏,回到新游戏,无数值变化,无数值变化,END06,,,false,,,,,,,false,,0,0
END07,US_END07,ValueEnding,cs_GameOver,ending,数值结局,新增,成功人士,你在大学里过着光鲜亮丽的生活，但你不敢停下搞钱，因为你发现，钱已经成为你生命的基石,为什么,为什么,,,0,0,0,0,0,0,0,0,,,0,0,0,1,true,false,false,value_ending,economy > 100,,,,,,,,,,数值结局|金钱,,economy > 100 触发后显示；按偏离边界值最大者优先,来自结局卡.xlsx,回到新游戏,回到新游戏,无数值变化,无数值变化,END07,,,false,,,,,,,false,,0,0
END08,US_END08,ValueEnding,cs_GameOver,ending,数值结局,新增,戒社案例,你在又一次月底没钱后点开了网贷软件，最后看着自己的欠款，你后悔当初的一切,为什么,为什么,,,0,0,0,0,0,0,0,0,,,0,0,0,1,true,false,false,value_ending,economy < 0,,,,,,,,,,数值结局|金钱,,economy < 0 触发后显示；按偏离边界值最大者优先,来自结局卡.xlsx,回到新游戏,回到新游戏,无数值变化,无数值变化,END08,,,false,,,,,,,false,,0,0
